<?xml version="1.0" encoding="utf-8"?>
<theme id="import" name="Imported Assets" cc_theme_id="import">
<!--Sorry that there's no indenting, I couldn't get the import script to keep that.-->
<!--Also, be sure to leave a blank line before <theme>, otherwise the import script breaks.-->
<char id="327068788" name="the benson apparition" cc_theme_id="family" thumbnail_url="char-default.png" copyable="Y">
<tags>family,every,copy,of,wrapper,offline,is,_free,software,but,is,also,_cat:personalized</tags>
</char>
<sound id="ColBreakz - 5000.mp3" name="Wecome" subtype="bgmusic" duration="260154" downloadtype="progressive" aid="24304" enable="Y" is_premium="N" money="0" sharing="0" />
<sound id="ColBreakz - Connected.mp3" name="Goodbye" subtype="soundeffect" duration="99422" downloadtype="progressive" aid="24304" enable="Y" is_premium="N" money="0" sharing="0" />
<prop id="Desktop 7-30-2020 3-46-32 PM-653.png" name="Pic" holdable="0" wearable="0" placeable="1" facing="left" thumb="" aid="9004" enable="Y" is_premium="N" money="0" sharing="0" />
<sound id="Alarm sound effects - modern alarm 1 (192  kbps)2.mp3" name="Alarm" subtype="soundeffect" duration="120032" downloadtype="progressive" aid="24304" enable="Y" is_premium="N" money="0" sharing="0" />
<sound id="Kevin MacLeod _ The House of Leaves (192  kbps).mp3" name="Hunted" subtype="bgmusic" duration="206524" downloadtype="progressive" aid="24304" enable="Y" is_premium="N" money="0" sharing="0" />
<sound id="bandicam 2020-10-04 15-04-59-287.mp3" name="Red Alert And Bomb FX" subtype="soundeffect" duration="41208" downloadtype="progressive" aid="24304" enable="Y" is_premium="N" money="0" sharing="0" />
<sound id="bandicam 2020-10-04 15-06-55-426.mp3" name="Hypersnow And Snow FX" subtype="soundeffect" duration="46488" downloadtype="progressive" aid="24304" enable="Y" is_premium="N" money="0" sharing="0" />
<sound id="HS.mp3" name="HyperSnow FX" subtype="soundeffect" duration="6608" downloadtype="progressive" aid="24304" enable="Y" is_premium="N" money="0" sharing="0" />
<sound id="Alarm Evacuate Building SOUND EFFECT.mp3.mp3" name="Red Alert FX" subtype="soundeffect" duration="188945" downloadtype="progressive" aid="24304" enable="Y" is_premium="N" money="0" sharing="0" />
<prop id="costume11 (1).png" name="Spiffy Pasha.EXE" holdable="0" wearable="0" placeable="1" facing="left" thumb="" aid="9004" enable="Y" is_premium="N" money="0" sharing="0" />
<prop id="costume5.png" name="Spiffy Pasta Normal Frown" holdable="0" wearable="0" placeable="1" facing="left" thumb="" aid="9004" enable="Y" is_premium="N" money="0" sharing="0" />
<prop id="costume11.png" name="Spiffy Pasta mad talk" holdable="0" wearable="0" placeable="1" facing="left" thumb="" aid="9004" enable="Y" is_premium="N" money="0" sharing="0" />
<prop id="costume10.png" name="Spiffy Pasta Mad " holdable="0" wearable="0" placeable="1" facing="left" thumb="" aid="9004" enable="Y" is_premium="N" money="0" sharing="0" />
<prop id="costume4 (2).png" name="Spiffy Pasha Talk Frown" holdable="0" wearable="0" placeable="1" facing="left" thumb="" aid="9004" enable="Y" is_premium="N" money="0" sharing="0" />
<prop id="costume1 (15).png" name="Spiffy Pasta Stand2" holdable="0" wearable="0" placeable="1" facing="left" thumb="" aid="9004" enable="Y" is_premium="N" money="0" sharing="0" />
<sound id="Roar.mp3" name="Graaaaaaaaaaaaaaa" subtype="soundeffect" duration="10488" downloadtype="progressive" aid="24304" enable="Y" is_premium="N" money="0" sharing="0" />
<prop id="costume11 (2).png" name="Creepypasta Spiffy Pasta.EXE" holdable="0" wearable="0" placeable="1" facing="left" thumb="" aid="9004" enable="Y" is_premium="N" money="0" sharing="0" />
<prop id="costume14 (1).png" name="Super Charged Spiffy Pasta.EXE" holdable="0" wearable="0" placeable="1" facing="left" thumb="" aid="9004" enable="Y" is_premium="N" money="0" sharing="0" />
<prop id="1200px-Goanimate_logo_2013 (5).png" name="GoAnimate" holdable="0" wearable="0" placeable="1" facing="left" thumb="" aid="9004" enable="Y" is_premium="N" money="0" sharing="0" />
<prop id="bandicam 2020-10-10 20-11-57-469.jpg" name="Angeyyyyy" holdable="0" wearable="0" placeable="1" facing="left" thumb="" aid="9004" enable="Y" is_premium="N" money="0" sharing="0" />
<prop id="bandicam 2020-10-10 20-12-10-092.jpg" name="Rages" holdable="0" wearable="0" placeable="1" facing="left" thumb="" aid="9004" enable="Y" is_premium="N" money="0" sharing="0" />
<sound id="Scary Sound (For 666 Punishment) (Download Link in Description).mp3" name="AAAHAAAAHHAAAHHH" subtype="soundeffect" duration="23066" downloadtype="progressive" aid="24304" enable="Y" is_premium="N" money="0" sharing="0" />
<sound id="Scary Sound (For Scariest Punishments) (Download Link in Description).mp3" name="Jumpscared2" subtype="soundeffect" duration="61936" downloadtype="progressive" aid="24304" enable="Y" is_premium="N" money="0" sharing="0" />
<sound id="eruption crater punishment test (1).mp3" name="Jumpscared3" subtype="soundeffect" duration="147617" downloadtype="progressive" aid="24304" enable="Y" is_premium="N" money="0" sharing="0" />
<sound id="Scary Sound Effect #3.mp3" name="Jumpscared4" subtype="soundeffect" duration="59193" downloadtype="progressive" aid="24304" enable="Y" is_premium="N" money="0" sharing="0" />
<prop id="image0.png" name="Proof" holdable="0" wearable="0" placeable="1" facing="left" thumb="" aid="9004" enable="Y" is_premium="N" money="0" sharing="0" />
<prop id="bandicam 2020-02-23 21-16-28-173.png" name="Thumb1" holdable="0" wearable="0" placeable="1" facing="left" thumb="" aid="9004" enable="Y" is_premium="N" money="0" sharing="0" />
<prop id="bandicam 2020-03-16 23-00-52-811.png" name="Thumb2" holdable="0" wearable="0" placeable="1" facing="left" thumb="" aid="9004" enable="Y" is_premium="N" money="0" sharing="0" />
<prop id="bandicam 2020-03-16 22-59-38-999.png" name="Thumb3" holdable="0" wearable="0" placeable="1" facing="left" thumb="" aid="9004" enable="Y" is_premium="N" money="0" sharing="0" />
<prop id="bandicam 2020-03-16 23-25-04-900.png" name="Thumb4" holdable="0" wearable="0" placeable="1" facing="left" thumb="" aid="9004" enable="Y" is_premium="N" money="0" sharing="0" />
<prop id="bandicam 2020-04-05 15-05-01-247.png" name="Thumb5" holdable="0" wearable="0" placeable="1" facing="left" thumb="" aid="9004" enable="Y" is_premium="N" money="0" sharing="0" />
<prop id="bandicam 2020-03-18 03-32-51-092.png" name="Thumb7" holdable="0" wearable="0" placeable="1" facing="left" thumb="" aid="9004" enable="Y" is_premium="N" money="0" sharing="0" />
<prop id="bandicam 2020-02-29 16-14-30-618.png" name="Thumb56789" holdable="0" wearable="0" placeable="1" facing="left" thumb="" aid="9004" enable="Y" is_premium="N" money="0" sharing="0" />
<prop id="bandicam 2020-02-29 16-30-25-215.png" name="Thumb10" holdable="0" wearable="0" placeable="1" facing="left" thumb="" aid="9004" enable="Y" is_premium="N" money="0" sharing="0" />
<prop id="bandicam 2020-08-29 02-00-48-558.png" name="Thumb34543" holdable="0" wearable="0" placeable="1" facing="left" thumb="" aid="9004" enable="Y" is_premium="N" money="0" sharing="0" />
<prop id="Desktop 4-6-2020 6-22-52 PM-293.png" name="2345432" holdable="0" wearable="0" placeable="1" facing="left" thumb="" aid="9004" enable="Y" is_premium="N" money="0" sharing="0" />
<prop id="bandicam 2020-03-18 04-04-43-557.png" name="Thumb232134" holdable="0" wearable="0" placeable="1" facing="left" thumb="" aid="9004" enable="Y" is_premium="N" money="0" sharing="0" />
<prop id="bandicam 2020-02-19 20-47-37-416.png" name="thumb5654565" holdable="0" wearable="0" placeable="1" facing="left" thumb="" aid="9004" enable="Y" is_premium="N" money="0" sharing="0" />
<sound id="bandicam 2020-11-11 00-10-49-170.mp3" name="Jumpscared666" subtype="soundeffect" duration="23424" downloadtype="progressive" aid="24304" enable="Y" is_premium="N" money="0" sharing="0" />
<sound id="bandicam 2020-11-11 00-30-01-722.mp3" name="Jumpscared999" subtype="soundeffect" duration="20160" downloadtype="progressive" aid="24304" enable="Y" is_premium="N" money="0" sharing="0" />
<sound id="bandicam 2020-11-11 00-29-31-174.mp3" name="Jumpscared.EXE" subtype="soundeffect" duration="20568" downloadtype="progressive" aid="24304" enable="Y" is_premium="N" money="0" sharing="0" />
<prop id="bandicam 2020-10-09 14-36-26-159.png" name="Thumb454334" holdable="0" wearable="0" placeable="1" facing="left" thumb="" aid="9004" enable="Y" is_premium="N" money="0" sharing="0" />
<prop id="Desktop 7-30-2020 3-47-05 PM-894.png" name="Sence55" holdable="0" wearable="0" placeable="1" facing="left" thumb="" aid="9004" enable="Y" is_premium="N" money="0" sharing="0" />
<prop id="Desktop 7-30-2020 3-46-32 PM-653.png" name="Image23" holdable="0" wearable="0" placeable="1" facing="left" thumb="" aid="9004" enable="Y" is_premium="N" money="0" sharing="0" />
<prop id="Desktop 7-30-2020 3-49-57 PM-425.png" name="Image24" holdable="0" wearable="0" placeable="1" facing="left" thumb="" aid="9004" enable="Y" is_premium="N" money="0" sharing="0" />
<prop id="Desktop 7-30-2020 3-48-37 PM-235.png" name="Image25" holdable="0" wearable="0" placeable="1" facing="left" thumb="" aid="9004" enable="Y" is_premium="N" money="0" sharing="0" />
<prop id="bandicam 2020-05-10 03-12-29-320.png" name="Image27" holdable="0" wearable="0" placeable="1" facing="left" thumb="" aid="9004" enable="Y" is_premium="N" money="0" sharing="0" />
<prop id="bandicam 2020-06-08 12-30-56-336 - Copy.png" name="Image28" holdable="0" wearable="0" placeable="1" facing="left" thumb="" aid="9004" enable="Y" is_premium="N" money="0" sharing="0" />
<prop id="Desktop 6-29-2020 3-11-56 PM-361.png" name="Image30" holdable="0" wearable="0" placeable="1" facing="left" thumb="" aid="9004" enable="Y" is_premium="N" money="0" sharing="0" />
<prop id="bandicam 2020-02-29 16-21-20-237.png" name="Image32" holdable="0" wearable="0" placeable="1" facing="left" thumb="" aid="9004" enable="Y" is_premium="N" money="0" sharing="0" />
<prop id="bandicam 2020-02-19 20-53-03-496.png" name="Image56" holdable="0" wearable="0" placeable="1" facing="left" thumb="" aid="9004" enable="Y" is_premium="N" money="0" sharing="0" />
<prop id="bandicam 2020-11-12 21-03-54-254.jpg" name="Proof1" holdable="0" wearable="0" placeable="1" facing="left" thumb="" aid="9004" enable="Y" is_premium="N" money="0" sharing="0" />
<prop id="bandicam 2020-11-12 21-20-14-034.jpg" name="Proof2" holdable="0" wearable="0" placeable="1" facing="left" thumb="" aid="9004" enable="Y" is_premium="N" money="0" sharing="0" />
<prop id="bandicam 2020-11-12 21-20-20-880.jpg" name="Proof3" holdable="0" wearable="0" placeable="1" facing="left" thumb="" aid="9004" enable="Y" is_premium="N" money="0" sharing="0" />
<prop id="bandicam 2020-11-12 21-20-30-106.jpg" name="Proof4" holdable="0" wearable="0" placeable="1" facing="left" thumb="" aid="9004" enable="Y" is_premium="N" money="0" sharing="0" />
<prop id="bandicam 2020-11-12 21-22-02-326.jpg" name="Proof5" holdable="0" wearable="0" placeable="1" facing="left" thumb="" aid="9004" enable="Y" is_premium="N" money="0" sharing="0" />
<prop id="bandicam 2020-11-12 21-22-12-123.jpg" name="Proof7" holdable="0" wearable="0" placeable="1" facing="left" thumb="" aid="9004" enable="Y" is_premium="N" money="0" sharing="0" />
<prop id="bandicam 2020-11-12 21-02-39-028.jpg" name="Proof8" holdable="0" wearable="0" placeable="1" facing="left" thumb="" aid="9004" enable="Y" is_premium="N" money="0" sharing="0" />
<prop id="bandicam 2020-11-12 21-42-28-958.jpg" name="Proof10" holdable="0" wearable="0" placeable="1" facing="left" thumb="" aid="9004" enable="Y" is_premium="N" money="0" sharing="0" />
<prop id="Vyond_Logo.png" name="Vyond_Logo" holdable="0" wearable="0" placeable="1" facing="left" thumb="" aid="9004" enable="Y" is_premium="N" money="0" sharing="0" />
<prop id="m-4.png" name="m-4" holdable="0" wearable="0" placeable="1" facing="left" thumb="" aid="9004" enable="Y" is_premium="N" money="0" sharing="0" />
<sound id="GoAnimate - A Special Place.mp3" name="GoAnimate - A Special Place" subtype="soundeffect" duration="70176" downloadtype="progressive" aid="24304" enable="Y" is_premium="N" money="0" sharing="0" />
<prop id="beef-ravioli-can-13003.png" name="beef-ravioli-can-13003" holdable="0" wearable="0" placeable="1" facing="left" thumb="" aid="9004" enable="Y" is_premium="N" money="0" sharing="0" />
<prop id="titlehere.png" name="titlehere" holdable="0" wearable="0" placeable="1" facing="left" thumb="" aid="9004" enable="Y" is_premium="N" money="0" sharing="0" />
<prop id="14767-brown-egg-design.png" name="14767-brown-egg-design" holdable="0" wearable="0" placeable="1" facing="left" thumb="" aid="9004" enable="Y" is_premium="N" money="0" sharing="0" />
<prop id="3458155.png" name="3458155" holdable="0" wearable="0" placeable="1" facing="left" thumb="" aid="9004" enable="Y" is_premium="N" money="0" sharing="0" />
<prop id="download (2).jpg" name="download (2)" holdable="0" wearable="0" placeable="1" facing="left" thumb="" aid="9004" enable="Y" is_premium="N" money="0" sharing="0" />
<prop id="download (2).png" name="download (2)" holdable="0" wearable="0" placeable="1" facing="left" thumb="" aid="9004" enable="Y" is_premium="N" money="0" sharing="0" />
<background id="a0a3ea260c7446a63c3af5740f24b334.jpg" name="a0a3ea260c7446a63c3af5740f24b334" default="N" aid="9603" enable="Y" is_premium="N" money="0" sharing="0" />

</theme>
